{"sbyteValue":-50,"intValue":666,"shortValue":-30000,"longValue":-98765432101234,"byteValue":100,"uintValue":4294967295,"ushortValue":60000,"ulongValue":18446744073709551615,"floatValue":3.140000104904175,"doubleValue":1234567890.1234568,"boolValue":true,"boolValue2":false,"charValue":65,"stringValue":"Hello, Json!","testItemClass":{"id":123,"num":456},"intArray":[1,2,3,4,5],"JsonTestItemClassArray":[{"id":123,"num":456},{"id":789,"num":101112}],"intList":[1,2,3,4,5],"testItemList":[{"id":111,"num":222},{"id":333,"num":444}]}